{"columns": [{"min": 18, "max": 64, "name": "age", "type": "continuous"}, {"i2s": ["female", "male"], "name": "sex", "size": 2, "type": "categorical"}, {"min": 15.96, "max": 53.13, "name": "bmi", "type": "continuous"}, {"i2s": ["0", "1", "2", "3", "4", "5"], "name": "children", "size": 6, "type": "categorical"}, {"i2s": ["no", "yes"], "name": "smoker", "size": 2, "type": "categorical"}, {"i2s": ["northeast", "northwest", "southeast", "southwest"], "name": "region", "size": 4, "type": "categorical"}, {"min": 1121.8739, "max": 63770.42801, "name": "label", "type": "continuous"}], "task": "regression", "train_size": 856, "val_size": 214, "test_size": 268, "label": "charges"}