{"columns": [{"min": 0.4, "max": 5.0, "name": "US1", "type": "continuous"}, {"min": 0.437, "max": 5.025, "name": "US2", "type": "continuous"}, {"min": 0.47, "max": 5.029, "name": "US3", "type": "continuous"}, {"min": 0.833, "max": 5.017, "name": "US4", "type": "continuous"}, {"min": 1.12, "max": 5.0, "name": "US5", "type": "continuous"}, {"min": 1.114, "max": 5.005, "name": "US6", "type": "continuous"}, {"min": 1.122, "max": 5.008, "name": "US7", "type": "continuous"}, {"min": 0.859, "max": 5.087, "name": "US8", "type": "continuous"}, {"min": 0.836, "max": 5.0, "name": "US9", "type": "continuous"}, {"min": 0.81, "max": 5.022, "name": "US10", "type": "continuous"}, {"min": 0.783, "max": 5.019, "name": "US11", "type": "continuous"}, {"min": 0.778, "max": 5.0, "name": "US12", "type": "continuous"}, {"min": 0.77, "max": 5.003, "name": "US13", "type": "continuous"}, {"min": 0.756, "max": 5.0, "name": "US14", "type": "continuous"}, {"min": 0.495, "max": 5.0, "name": "US15", "type": "continuous"}, {"min": 0.424, "max": 5.0, "name": "US16", "type": "continuous"}, {"min": 0.373, "max": 5.0, "name": "US17", "type": "continuous"}, {"min": 0.354, "max": 5.0, "name": "US18", "type": "continuous"}, {"min": 0.34, "max": 5.0, "name": "US19", "type": "continuous"}, {"min": 0.355, "max": 5.0, "name": "US20", "type": "continuous"}, {"min": 0.38, "max": 5.0, "name": "US21", "type": "continuous"}, {"min": 0.37, "max": 5.0, "name": "US22", "type": "continuous"}, {"min": 0.367, "max": 5.0, "name": "US23", "type": "continuous"}, {"min": 0.377, "max": 5.0, "name": "US24", "type": "continuous"}, {"i2s": ["Move-Forward", "Sharp-Right-Turn", "Slight-Left-Turn", "Slight-Right-Turn"], "name": "label", "size": 4, "type": "categorical"}], "task": "multiclass_classification", "train_size": 3491, "val_size": 873, "test_size": 1092, "label": "Class"}