{"columns": [{"min": 0, "max": 27, "name": "Administrative", "type": "continuous"}, {"min": 0.0, "max": 3398.75, "name": "Administrative_Duration", "type": "continuous"}, {"min": 0, "max": 24, "name": "Informational", "type": "continuous"}, {"min": 0.0, "max": 2549.375, "name": "Informational_Duration", "type": "continuous"}, {"min": 0, "max": 705, "name": "ProductRelated", "type": "continuous"}, {"min": 0.0, "max": 63973.52223, "name": "ProductRelated_Duration", "type": "continuous"}, {"min": 0.0, "max": 0.2, "name": "BounceRates", "type": "continuous"}, {"min": 0.0, "max": 0.2, "name": "ExitRates", "type": "continuous"}, {"min": 0.0, "max": 361.7637419, "name": "PageValues", "type": "continuous"}, {"min": 0.0, "max": 1.0, "name": "SpecialDay", "type": "continuous"}, {"i2s": ["Aug", "Dec", "Feb", "Jul", "June", "Mar", "May", "Nov", "Oct", "Sep"], "name": "Month", "size": 10, "type": "categorical"}, {"i2s": ["1", "2", "3", "4", "5", "6", "7", "8"], "name": "OperatingSystems", "size": 8, "type": "categorical"}, {"i2s": ["1", "2", "3", "4", "5", "6", "7", "8", "9", "10", "11", "12", "13"], "name": "Browser", "size": 13, "type": "categorical"}, {"i2s": ["1", "2", "3", "4", "5", "6", "7", "8", "9"], "name": "Region", "size": 9, "type": "categorical"}, {"i2s": ["1", "2", "3", "4", "5", "6", "7", "8", "9", "10", "11", "12", "13", "14", "15", "16", "17", "18", "19", "20"], "name": "TrafficType", "size": 20, "type": "categorical"}, {"i2s": ["New_Visitor", "Other", "Returning_Visitor"], "name": "VisitorType", "size": 3, "type": "categorical"}, {"i2s": ["False", "True"], "name": "Weekend", "size": 2, "type": "categorical"}, {"i2s": ["False", "True"], "name": "label", "size": 2, "type": "categorical"}], "task": "binary_classification", "train_size": 7891, "val_size": 1973, "test_size": 2466, "label": "label"}